Judul,Image Link,level_1,level_2,level_3
DONASI KEMANUSIAAN PALESTINA,https://images.tokopedia.net/img/cache/200-square/VqbcmM/2023/10/25/d921de05-4190-4641-950a-e302bf1a50fd.jpg.webp?ect=4g,Buku,Buku Hukum,Buku Kemanusiaan
Rekognisi Hukum Adat dan Masyarakat Hukum Adat - Rudy,https://images.tokopedia.net/img/cache/200-square/VqbcmM/2023/7/31/61230d5e-fe4b-485a-be58-fed2b78dd46c.jpg.webp?ect=4g,Buku,Buku Hukum,Buku Kemanusiaan
"Kekuasaan Kehakiman, Komisi Yudisial, Hak Asasi Manusia - Suparman",https://images.tokopedia.net/img/cache/200-square/VqbcmM/2023/8/7/9b3dc008-fd36-468e-836b-ece886b6f145.jpg.webp?ect=4g,Buku,Buku Hukum,Buku Kemanusiaan
Hukum Ruang Hidup Adat Taman Nasional Adat sebagai Gagasan Wawasan Kon,https://images.tokopedia.net/img/cache/200-square/VqbcmM/2022/3/27/881032f6-568c-49e1-9901-6972a6419223.jpg.webp?ect=4g,Buku,Buku Hukum,Buku Kemanusiaan
Buku Original: Hukum & HAM ( Hak Asasi Manusia ),https://images.tokopedia.net/img/cache/200-square/VqbcmM/2023/6/3/097a1b0d-48e4-4ae9-8956-5f55f9ce163a.jpg.webp?ect=4g,Buku,Buku Hukum,Buku Kemanusiaan
CROFFLE TROUBLE YB 60,https://images.tokopedia.net/img/cache/200-square/VqbcmM/2022/11/11/d08a4a14-3b59-4cfc-9105-8adcb1c07fa6.jpg.webp?ect=4g,Buku,Buku Hukum,Buku Kemanusiaan
"Essen Matador 30ml,Produk BFS FISHING",https://images.tokopedia.net/img/cache/200-square/VqbcmM/2023/1/20/7de39470-6868-491d-bd0f-a99313bb7851.jpg.webp?ect=4g,Buku,Buku Hukum,Buku Kemanusiaan
(ANDROID)xx RILLA COCONARILLA 60M:XX,https://images.tokopedia.net/img/cache/200-square/VqbcmM/2023/4/7/5aec7f78-85fe-4679-b26d-7d11187ed0c2.jpg.webp?ect=4g,Buku,Buku Hukum,Buku Kemanusiaan
Bush Stabilizer/Karet Stabil Grand Livina All 54613-EE500,https://images.tokopedia.net/img/cache/200-square/product-1/2020/4/18/567719390/567719390_df407ac0-1d0e-46b3-a213-3e6be25fdbc5_720_720.jpg.webp?ect=4g,Buku,Buku Hukum,Buku Kemanusiaan
Arabica Kerinci Abdul Aziz Thohari Winner WE Kopi Kolaborasi,https://images.tokopedia.net/img/cache/200-square/VqbcmM/2023/3/26/fa505128-65b9-4c60-bbc5-7b2d8c9415fa.jpg.webp?ect=4g,Buku,Buku Hukum,Buku Kemanusiaan
Jual [BE] My First Discoveries Series Limited,https://images.tokopedia.net/img/cache/200-square/hDjmkQ/2022/5/19/126ceaad-cdb6-450a-ad71-b2b7d01c2d84.jpg.webp?ect=4g,Buku,Buku Hukum,Buku Kemanusiaan
Burung-burung Pulau Paparan Sunda dan Wallacea di Kepulauan Indonesia,https://images.tokopedia.net/img/cache/200-square/VqbcmM/2022/10/31/134f9a2e-a237-48f0-b543-f26312f28fb4.jpg.webp?ect=4g,Buku,Buku Hukum,Buku Kemanusiaan
KASYIFATUS SAJA SYARAH SAFINATUN NAJA - DAR IBNU HAZM - كاشفة السجا,https://images.tokopedia.net/img/cache/200-square/hDjmkQ/2023/5/25/68bd5162-d0a3-4d0d-909e-569b3be01b29.jpg.webp?ect=4g,Buku,Buku Hukum,Buku Kemanusiaan
Hak-Hak Asasi Manusia - F. Budi Hardiman,https://images.tokopedia.net/img/cache/200-square/VqbcmM/2020/10/30/e870834f-a968-4b6c-aa8b-592d8091e8b9.jpg.webp?ect=4g,Buku,Buku Hukum,Buku Kemanusiaan
Hukum Antara Sollen dan Sein,https://images.tokopedia.net/img/cache/200-square/VqbcmM/2023/8/28/3b539e79-4820-4ca1-ad3b-8fdafc86ce93.jpg.webp?ect=4g,Buku,Buku Hukum,Buku Kemanusiaan
buku komentar HIR by Tresna,https://images.tokopedia.net/img/cache/200-square/VqbcmM/2021/10/1/c1b52684-e143-4375-8fd8-e2aab3224222.jpg.webp?ect=4g,Buku,Buku Hukum,Buku Kemanusiaan
Rekognisi Hukum Adat dan Masyarakat Hukum Adat - Rudy,https://images.tokopedia.net/img/cache/200-square/VqbcmM/2023/7/31/61230d5e-fe4b-485a-be58-fed2b78dd46c.jpg.webp?ect=4g,Buku,Buku Hukum,Buku Kemanusiaan
TERMURAH UUD1945/Buku pasal UUD 1945 BERKUALITAS,https://images.tokopedia.net/img/cache/200-square/hDjmkQ/2021/12/23/ef976adb-5595-4e16-90e0-19aae37c9b15.jpg.webp?ect=4g,Buku,Buku Hukum,Buku Kemanusiaan
"Islam dan Humanisme - Hasan Hanafi, Nurcholish Madjid",https://images.tokopedia.net/img/cache/200-square/product-1/2020/4/20/19100745/19100745_37ac9646-1e67-419b-827d-e2f12e9f1746_2048_2048.webp?ect=4g,Buku,Buku Hukum,Buku Kemanusiaan
Kejahatan dan Hukuman Seri Klasik Fyodor Dostoyevsky,https://images.tokopedia.net/img/cache/200-square/VqbcmM/2022/1/7/a6da8713-5cb8-48ea-b050-0b5b15f3933b.jpg.webp?ect=4g,Buku,Buku Hukum,Buku Kemanusiaan
HUKUM LINGKUNGAN DAN KEBIJAKSANAAN LINGKUNGAN NASIONAL SITI SUNDARI R,https://images.tokopedia.net/img/cache/200-square/VqbcmM/2023/8/12/b9239cff-feb7-4b09-be6c-8f2895155abf.jpg.webp?ect=4g,Buku,Buku Hukum,Buku Kemanusiaan
Teori-teori Keadilan (Six Theories of Justice) - Karen Lebacqz,https://images.tokopedia.net/img/cache/200-square/VqbcmM/2021/7/12/8c58b603-4a34-4f56-a6bd-abfdf4135e0a.jpg.webp?ect=4g,Buku,Buku Hukum,Buku Kemanusiaan
Promo PRELOVED - NovelBuku The Secret History - Donna Tartt Diskon,https://images.tokopedia.net/img/cache/200-square/hDjmkQ/2022/11/1/a7ef5b6a-5ec6-4a12-8cac-c8c2dbfff42b.jpg.webp?ect=4g,Buku,Buku Hukum,Buku Kemanusiaan
karet stabil RR nissan Xtrail T30 ORIGINAL 54613-8H518,https://images.tokopedia.net/img/cache/200-square/product-1/2017/3/16/917717/917717_377133d0-44f4-4aa8-87d4-3388ac3df20b.jpg.webp?ect=4g,Buku,Buku Hukum,Buku Kemanusiaan
Buku Original: Hukum & HAM ( Hak Asasi Manusia ),https://images.tokopedia.net/img/cache/200-square/VqbcmM/2023/6/3/097a1b0d-48e4-4ae9-8956-5f55f9ce163a.jpg.webp?ect=4g,Buku,Buku Hukum,Buku Kemanusiaan
Buku Hukum Waris Islam,https://images.tokopedia.net/img/cache/200-square/VqbcmM/2021/10/27/4cd29c9a-8810-4269-a288-93f8bd92fdc1.jpg.webp?ect=4g,Buku,Buku Hukum,Buku Kemanusiaan
Kumpulan Tulisan A Hamid S At-Tamimi dihimpun Maria Farida Indrati,https://images.tokopedia.net/img/cache/200-square/VqbcmM/2023/1/24/ab49ed30-fd8c-4046-9ba4-07de4f2cf377.jpg.webp?ect=4g,Buku,Buku Hukum,Buku Kemanusiaan
Buku RIB/HIR dengan Penjelasaanya by R.Soesilo,https://images.tokopedia.net/img/cache/200-square/VqbcmM/2022/4/12/6b72cab9-eec2-427e-9436-0213178d51cb.jpg.webp?ect=4g,Buku,Buku Hukum,Buku Kemanusiaan
Unik Seamo Past Competitions 2016-2018 Paper D E F Lc Diskon,https://images.tokopedia.net/img/cache/200-square/hDjmkQ/2022/5/31/12b7e8b0-87dc-474b-9dc9-90395161e107.jpg.webp?ect=4g,Buku,Buku Hukum,Buku Kemanusiaan
Kejahatan dan Hukuman - Fyodor Dostoyevsky,https://images.tokopedia.net/img/cache/200-square/VqbcmM/2023/2/4/b824e69f-256c-4933-8957-5f5b837cbb4f.jpg.webp?ect=4g,Buku,Buku Hukum,Buku Kemanusiaan
Eksistensialisme dan Humanisme - Jean Paul Sartre,https://images.tokopedia.net/img/cache/200-square/VqbcmM/2022/11/24/bc481837-d55f-4abe-b0d5-f0b2f4522805.jpg.webp?ect=4g,Buku,Buku Hukum,Buku Kemanusiaan
BUKU ORIGINAL HAK ATAS KEKAYAAN INTELEKTUAL ( HAKI),https://images.tokopedia.net/img/cache/200-square/VqbcmM/2022/7/18/ddc8ecd5-b9fd-486e-870f-e5a06e01d1e2.jpg.webp?ect=4g,Buku,Buku Hukum,Buku Kemanusiaan
Minyak Tradisi Adat Aroma Gondo Mayit Produk Turki Asli AP0151,https://images.tokopedia.net/img/cache/200-square/VqbcmM/2022/1/21/490b7130-5a16-4ca8-bb93-c25e510bf06c.jpg.webp?ect=4g,Buku,Buku Hukum,Buku Kemanusiaan
Humanisme dan Humaniora - Editor Bambang Sugiharto,https://images.tokopedia.net/img/cache/200-square/product-1/2019/1/27/656203/656203_7a35b1e9-02a3-4c2d-8140-2f7c96d487c0_2048_2048.jpg.webp?ect=4g,Buku,Buku Hukum,Buku Kemanusiaan
buku ilmu faraidh waris terjemah udatul farid,https://images.tokopedia.net/img/cache/200-square/VqbcmM/2022/8/4/9c289f58-8eff-4520-8f99-8bfecfa08cba.jpg.webp?ect=4g,Buku,Buku Hukum,Buku Kemanusiaan
BUKU PENDIDIKAN KADEHAM KEBANGSAAN DEMOKRASI,https://images.tokopedia.net/img/cache/200-square/VqbcmM/2023/11/17/8b2ac025-5ad2-4e3d-9ae5-cea120891a0c.jpg.webp?ect=4g,Buku,Buku Hukum,Buku Kemanusiaan
MaskerKF94 Edisi #SAVELESTI ( Stop KDRT ),https://images.tokopedia.net/img/cache/200-square/VqbcmM/2022/10/5/6421cd75-4545-4f2c-aaeb-c4d9f0817f6f.jpg.webp?ect=4g,Buku,Buku Hukum,Buku Kemanusiaan
TEORI HAK HARTA DAN ISTILAH SERTA APLIKASINYA DALAM FIKIH KONTEMPORER,https://images.tokopedia.net/img/cache/200-square/VqbcmM/2021/12/22/8800c1d4-82fa-4a09-a1c2-540b40aeedf7.jpg.webp?ect=4g,Buku,Buku Hukum,Buku Kemanusiaan
Sebuah NamaBaru UNTUK  Perdamaian   R.k.Sembiring  original,https://images.tokopedia.net/img/cache/200-square/VqbcmM/2023/10/24/99d2f102-431b-410f-90ba-e415ec719136.jpg.webp?ect=4g,Buku,Buku Hukum,Buku Kemanusiaan
Perkembangan Hukum Ketenagakerjaan - Manahan M.P. Sitompul,https://images.tokopedia.net/img/cache/200-square/VqbcmM/2021/12/29/23f86edd-5780-4c04-b2cb-a3231d8911c6.jpg.webp?ect=4g,Buku,Buku Hukum,Buku Kemanusiaan
Murano Z50 karet stabil stabilizer Depan Nissan ORIGINAL 54613-CA00A,https://images.tokopedia.net/img/cache/200-square/product-1/2017/3/16/917717/917717_9c5c458e-eb8c-45c8-a629-57e78aa2ee44.jpg.webp?ect=4g,Buku,Buku Hukum,Buku Kemanusiaan
Pendidikan Kadeham Kebangsaan Demokrasi dan HAM Revisi - Prayitno ori,https://images.tokopedia.net/img/cache/200-square/VqbcmM/2021/9/30/2e041e8b-e5a4-4b2e-945a-a5448ffb85be.jpg.webp?ect=4g,Buku,Buku Hukum,Buku Kemanusiaan
SERI CERITA KLASIK MISTERI KISAH ANEH DARI LIAOZHAI ada 8serii8buku,https://images.tokopedia.net/img/cache/200-square/hDjmkQ/2022/9/16/4361241b-6dec-4442-beab-6bc889f59a2e.jpg.webp?ect=4g,Buku,Buku Hukum,Buku Kemanusiaan
Promo Buku Repair Manual Jeep by Chilton's. Diskon,https://images.tokopedia.net/img/cache/200-square/hDjmkQ/2022/7/6/9c8085a7-782e-4eaa-b025-36dd13d31836.jpg.webp?ect=4g,Buku,Buku Hukum,Buku Kemanusiaan
Mustahil Miskin Buku Ustadz Luqmanul Hakim,https://images.tokopedia.net/img/cache/200-square/VqbcmM/2022/11/9/8899079f-86ad-4926-a27f-8d49056d3776.jpg.webp?ect=4g,Buku,Buku Hukum,Buku Kemanusiaan
Buku Dimensi-Dimensi HAM Mengurai Hak Ekonomi by Majda El Muhtaj,https://images.tokopedia.net/img/cache/200-square/product-1/2019/11/29/1339323/1339323_1cfc55c9-45e6-4fa9-a7e6-82dd3050fe45_300_300.jpg.webp?ect=4g,Buku,Buku Hukum,Buku Kemanusiaan
Criminal law 6th Sixth Edition by William Wilson,https://images.tokopedia.net/img/cache/200-square/VqbcmM/2022/1/19/49800c81-5591-4601-857e-40aeac082813.jpg.webp?ect=4g,Buku,Buku Hukum,Buku Kemanusiaan
BUKU A FIRST LOOK AT COMMUNICATION THEORY NINTH EDITION EM GRIFFIN AND,https://images.tokopedia.net/img/cache/200-square/VqbcmM/2022/1/30/f5315a10-637b-4c11-ae64-04d469f3aec3.jpg.webp?ect=4g,Buku,Buku Hukum,Buku Kemanusiaan
"Kekuasaan Kehakiman, Komisi Yudisial, Hak Asasi Manusia - Suparman",https://images.tokopedia.net/img/cache/200-square/VqbcmM/2023/8/7/9b3dc008-fd36-468e-836b-ece886b6f145.jpg.webp?ect=4g,Buku,Buku Hukum,Buku Kemanusiaan
Buku Lembaga pemasyarakatan,https://images.tokopedia.net/img/cache/200-square/VqbcmM/2021/6/1/7b9343c7-51af-4282-ad86-6eb82ff3c4a6.jpg.webp?ect=4g,Buku,Buku Hukum,Buku Kemanusiaan
Humanitarianisme Soedjatmoko: Visi Kemanusiaan Kontemporer,https://images.tokopedia.net/img/cache/200-square/VqbcmM/2023/4/13/ef873ca0-b4bc-4a93-a7e1-20e064dfac03.jpg.webp?ect=4g,Buku,Buku Hukum,Buku Kemanusiaan
Rokok Sampoerna Kretek 1 slop isi 10 bungkus. 1 bks isi 12 batang,https://images.tokopedia.net/img/cache/200-square/hDjmkQ/2023/9/7/1cbe4d42-9057-4a3c-b389-144ed0bab2c7.jpg.webp?ect=4g,Buku,Buku Hukum,Buku Kemanusiaan
buku masalah keadilan oleh O Notohamidjojo SH,https://images.tokopedia.net/img/cache/200-square/VqbcmM/2022/6/5/0a39e748-3e72-4b94-8003-b71c424cc810.jpg.webp?ect=4g,Buku,Buku Hukum,Buku Kemanusiaan
Reformasi Hukum Keluarga Islam - Ziba Mir-Hosseini dkk,https://images.tokopedia.net/img/cache/200-square/product-1/2019/1/29/2988281/2988281_1afb90d9-f492-41e3-97ee-bd7e5c3f3548_700_700.jpg.webp?ect=4g,Buku,Buku Hukum,Buku Kemanusiaan
ic cof lcd LS08525HEA5H1-CILX - panasonic - samsung - LG,https://images.tokopedia.net/img/cache/200-square/VqbcmM/2021/8/11/8403a362-64f1-459a-b250-b79e0c6fee3d.jpg.webp?ect=4g,Buku,Buku Hukum,Buku Kemanusiaan
Buku Pengantar Antropologi Hukum original,https://images.tokopedia.net/img/cache/200-square/VqbcmM/2023/7/14/b9284e80-9e77-42b6-bc06-bd00f7650c65.png.webp?ect=4g,Buku,Buku Hukum,Buku Kemanusiaan
cessie subrogatie novatie kompensatie dan pencampuran hutang,https://images.tokopedia.net/img/cache/200-square/VqbcmM/2022/8/15/9eec805e-49c8-4731-8c36-52120f5974d2.jpg.webp?ect=4g,Buku,Buku Hukum,Buku Kemanusiaan
Whimsical Stitches - A Modern Makers Book of Amigurumi Crochet,https://images.tokopedia.net/img/cache/200-square/hDjmkQ/2022/9/15/c9f57ba1-1d69-4a96-8cb8-2d29396e2020.jpg.webp?ect=4g,Buku,Buku Hukum,Buku Kemanusiaan
Konflik Tanah Ulayat dan Pluralisme Hukum - Edy Ikhsan Buku Asli,https://images.tokopedia.net/img/cache/200-square/VqbcmM/2023/7/17/b6900e7a-3f80-45ab-90c2-2942f2d43ee2.jpg.webp?ect=4g,Buku,Buku Hukum,Buku Kemanusiaan
BUKU FIKIH MUAMALAH MALIYAH PANJI ADAM REFIKA ADITAMA,https://images.tokopedia.net/img/cache/200-square/product-1/2020/8/12/6815285/6815285_e55da691-d0f6-4ad6-b56d-148eb60a8418_800_800.jpg.webp?ect=4g,Buku,Buku Hukum,Buku Kemanusiaan
HUKUM KEWARISAN BILATERAL Menurut ALQURANdan HADIT PROF DR HAZAIRIN,https://images.tokopedia.net/img/cache/200-square/VqbcmM/2022/6/25/8cd98a43-35e2-4d4b-90c2-bf023ec39573.jpg.webp?ect=4g,Buku,Buku Hukum,Buku Kemanusiaan
Unik Dune Frank Herbert Hardcover Waterstones Special Edition Diskon,https://images.tokopedia.net/img/cache/200-square/hDjmkQ/2022/1/8/74b61ba9-6489-4d15-94c6-48d668c1e3c4.jpg.webp?ect=4g,Buku,Buku Hukum,Buku Kemanusiaan
buku Jean Yves Tadie Marcel Proust import,https://images.tokopedia.net/img/cache/200-square/VqbcmM/2022/8/23/9c6f2a60-1151-440f-9df2-8d65be3b2357.jpg.webp?ect=4g,Buku,Buku Hukum,Buku Kemanusiaan
القول السديد شرح كتاب التوحيد. Al qoulus sadid Syarah kitab at tauhid.,https://images.tokopedia.net/img/cache/200-square/hDjmkQ/2022/8/9/0fb4b94a-6e73-4950-a782-2900568217b0.jpg.webp?ect=4g,Buku,Buku Hukum,Buku Kemanusiaan
Buku Islam dan Hak Asasi Manusia dalam Pandangan Nurcholish Madjid,https://images.tokopedia.net/img/cache/200-square/VqbcmM/2023/6/15/cf7a54c8-6101-4dbe-91f4-b8a178f30d0c.jpg.webp?ect=4g,Buku,Buku Hukum,Buku Kemanusiaan
BUKU SAKU HERBAL MANFAAT BUNGA TELANG,https://images.tokopedia.net/img/cache/200-square/hDjmkQ/2023/8/1/0af96836-3930-41ac-8002-21faa0f1062d.jpg.webp?ect=4g,Buku,Buku Hukum,Buku Kemanusiaan
Pencabutan Hak Pembebasan Dan Pengadaan Tanah - Mhd. Yamin Lubis,https://images.tokopedia.net/img/cache/200-square/VqbcmM/2022/10/4/5c536590-b3bd-4b64-a394-734b72415f88.jpg.webp?ect=4g,Buku,Buku Hukum,Buku Kemanusiaan
Kitab DAQOIQUL AKHBAR JAWA PEGON Daqoiqul Ahbar Makna Jawa Pegon ALH,https://images.tokopedia.net/img/cache/200-square/hDjmkQ/2021/9/24/1a4fc1b1-c640-497b-af4d-538f31e760fc.jpg.webp?ect=4g,Buku,Buku Hukum,Buku Kemanusiaan
Buku 71 Kasus Viral di Indonesia by Monang Siahaan,https://images.tokopedia.net/img/cache/200-square/VqbcmM/2022/7/9/6e3b0578-0b9e-4ea9-bb99-63af4ba5b9ae.jpg.webp?ect=4g,Buku,Buku Hukum,Buku Kemanusiaan
Kejahatan dan Hukuman Fyodor Dostoyevsky,https://images.tokopedia.net/img/cache/200-square/product-1/2019/7/31/39887651/39887651_2bf32ea0-8647-4cb2-b004-0f51f5d99c58_1000_1000.jpg.webp?ect=4g,Buku,Buku Hukum,Buku Kemanusiaan
BUKU DISERTASI DIBALIK PUTUSAN HAKIM BY DJAMALUDIN ANCOK,https://images.tokopedia.net/img/cache/200-square/VqbcmM/2023/4/24/4320cab2-d2a9-4fe0-a67e-fa54307511d3.jpg.webp?ect=4g,Buku,Buku Hukum,Buku Kemanusiaan
Teori-teori Keadilan (Six Theories of Justice) - Karen Lebacqz,https://images.tokopedia.net/img/cache/200-square/VqbcmM/2021/7/12/8c58b603-4a34-4f56-a6bd-abfdf4135e0a.jpg.webp?ect=4g,Buku,Buku Hukum,Buku Kemanusiaan
BUKU ORIGINAL - HUKUM PERLINDUNGAN KONSUMEN DI INDONESIA,https://images.tokopedia.net/img/cache/200-square/VqbcmM/2020/11/5/b4fc3731-0c70-44c5-8d98-bd5a8b8697fa.jpg.webp?ect=4g,Buku,Buku Hukum,Buku Kemanusiaan
Bijak Menghukum Siswa - Mamiq Gaza,https://images.tokopedia.net/img/cache/200-square/product-1/2019/11/15/2988281/2988281_13b45ddc-1e72-454a-8612-eaf84bb27258_1000_1000.webp?ect=4g,Buku,Buku Hukum,Buku Kemanusiaan
Buku Pengantar Antropologi Hukum original,https://images.tokopedia.net/img/cache/200-square/VqbcmM/2023/7/14/b9284e80-9e77-42b6-bc06-bd00f7650c65.png.webp?ect=4g,Buku,Buku Hukum,Buku Kemanusiaan
Hak-Hak Asasi Manusia - F. Budi Hardiman,https://images.tokopedia.net/img/cache/250-square/VqbcmM/2020/10/30/e870834f-a968-4b6c-aa8b-592d8091e8b9.jpg.webp?ect=4g,Buku,Buku Hukum,Buku Kemanusiaan
Hukum Antara Sollen dan Sein,https://images.tokopedia.net/img/cache/250-square/VqbcmM/2023/8/28/3b539e79-4820-4ca1-ad3b-8fdafc86ce93.jpg.webp?ect=4g,Buku,Buku Hukum,Buku Kemanusiaan
Arabica Kerinci Abdul Aziz Thohari Winner WE Kopi Kolaborasi,https://images.tokopedia.net/img/cache/250-square/VqbcmM/2023/3/26/fa505128-65b9-4c60-bbc5-7b2d8c9415fa.jpg.webp?ect=4g,Buku,Buku Hukum,Buku Kemanusiaan
"Islam dan Humanisme - Hasan Hanafi, Nurcholish Madjid",https://images.tokopedia.net/img/cache/250-square/product-1/2020/4/20/19100745/19100745_37ac9646-1e67-419b-827d-e2f12e9f1746_2048_2048.webp?ect=4g,Buku,Buku Hukum,Buku Kemanusiaan
Pendidikan Kadeham Kebangsaan Demokrasi dan HAM Revisi - Prayitno ori,https://images.tokopedia.net/img/cache/250-square/VqbcmM/2021/9/30/2e041e8b-e5a4-4b2e-945a-a5448ffb85be.jpg.webp?ect=4g,Buku,Buku Hukum,Buku Kemanusiaan
Hukum Hak Asasi Manusia - Sri Handayani Retna Wardani,https://images.tokopedia.net/img/cache/200-square/VqbcmM/2022/1/28/a8a2062b-2faa-4b56-a9ae-c8331f635e10.jpg.webp?ect=4g,Buku,Buku Hukum,Buku Kemanusiaan
Menjaga dan Melindungi Hak Anak Sepenuh Hati - Arist Merdeka Sirait,https://images.tokopedia.net/img/cache/200-square/VqbcmM/2022/1/5/fd1ab922-a235-490b-b6f2-84e837dcedbe.jpg.webp?ect=4g,Buku,Buku Hukum,Buku Kemanusiaan
Buku Abortus provocatus Bagi Korban Perkosaan,https://images.tokopedia.net/img/cache/200-square/hDjmkQ/2023/6/7/fdbd193d-1ca8-4077-8db6-834d3b72344d.jpg.webp?ect=4g,Buku,Buku Hukum,Buku Kemanusiaan
HAM tentang Perbudakan Peradilan Kejahatan Kemanusiaan & Perang M Ghuf,https://images.tokopedia.net/img/cache/200-square/VqbcmM/2022/3/3/ba1b40b1-992e-4731-a7d7-6d3df9471f11.jpg.webp?ect=4g,Buku,Buku Hukum,Buku Kemanusiaan
Buku Peranan Informed Consent Dalam Transaksi Terapeutik Suatu Tinjaua,https://images.tokopedia.net/img/cache/200-square/VqbcmM/2023/9/3/977bbeee-8056-4e4d-9827-157133f1b174.jpg.webp?ect=4g,Buku,Buku Hukum,Buku Kemanusiaan
Kejahatan terhadap negara kesatuan Republik Indonesia,https://images.tokopedia.net/img/cache/200-square/VqbcmM/2022/10/17/bb20cd0f-86bc-42d4-b81a-954b1b3a9bd2.png.webp?ect=4g,Buku,Buku Hukum,Buku Kemanusiaan
Portafilter Krups XP56xx XP52xx XP22xx,https://images.tokopedia.net/img/cache/200-square/VqbcmM/2021/10/8/8ab23be1-9647-48bf-bd5b-f4eb301c44dc.jpg.webp?ect=4g,Buku,Buku Hukum,Buku Kemanusiaan
FATHUL WAHAB MAKNA PESANTREN / kitab makna,https://images.tokopedia.net/img/cache/200-square/hDjmkQ/2021/9/7/46c857b4-0081-4a35-af9e-1d2a790cced2.jpg.webp?ect=4g,Buku,Buku Hukum,Buku Kemanusiaan
coil vinci xx 2,https://images.tokopedia.net/img/cache/200-square/VqbcmM/2022/8/8/e337b67f-1c7b-428b-9b5a-7db14b1a1e0a.jpg.webp?ect=4g,Buku,Buku Hukum,Buku Kemanusiaan
Buku Tahun 2021 HAM HAK ASASI MANUSIA Nuruddin Hady SETARA PRESS AJ-HK,https://images.tokopedia.net/img/cache/200-square/VqbcmM/2023/9/10/23dca8b0-709b-4b10-8074-31bf73e10951.jpg.webp?ect=4g,Buku,Buku Hukum,Buku Kemanusiaan
BUKU PERLINDUNGAN HUKUM TERHADAP HAK HAK ANAK DALAM PUTUSAN Dr. Mardi,https://images.tokopedia.net/img/cache/200-square/VqbcmM/2023/8/7/1d205930-0a9c-4fa4-82a6-2a011ebc4a84.jpg.webp?ect=4g,Buku,Buku Hukum,Buku Kemanusiaan
Buku Perikatan yang Lahir dari Perjanjian Gunawan Wijaya rajawali,https://images.tokopedia.net/img/cache/200-square/VqbcmM/2020/10/16/1c52fdd6-fbbb-459d-9e61-f7a73373cc2f.jpg.webp?ect=4g,Buku,Buku Hukum,Buku Kemanusiaan
BUKU DISERTASI DIBALIK PUTUSAN HAKIM BY DJAMALUDIN ANCOK,https://images.tokopedia.net/img/cache/200-square/VqbcmM/2023/4/24/4320cab2-d2a9-4fe0-a67e-fa54307511d3.jpg.webp?ect=4g,Buku,Buku Hukum,Buku Kemanusiaan
Remarried Empress Korea Romance Novel 1~6 PO002,https://images.tokopedia.net/img/cache/200-square/hDjmkQ/2022/1/12/2a69d303-320d-4850-97cf-586528bdd389.jpg.webp?ect=4g,Buku,Buku Hukum,Buku Kemanusiaan
Medical Record And Informed Consent - Hasrul Buamona Buku Asli HVS,https://images.tokopedia.net/img/cache/200-square/VqbcmM/2022/9/5/34e86153-876a-4fb4-8932-ac0dd8634712.jpg.webp?ect=4g,Buku,Buku Hukum,Buku Kemanusiaan
Promo BUKU QOSAM AMARY 1 dan 2 Berkualitas,https://images.tokopedia.net/img/cache/200-square/hDjmkQ/2022/5/31/cddc353a-6e9e-4649-b54c-ba81ec686be5.jpg.webp?ect=4g,Buku,Buku Hukum,Buku Kemanusiaan
INDONESIAN CONSTITUTIONAL LAW,https://images.tokopedia.net/img/cache/200-square/VqbcmM/2022/4/5/f433d643-b673-4dbc-b77e-93a5a9a3403f.jpg.webp?ect=4g,Buku,Buku Hukum,Buku Kemanusiaan
Buku HAK KEKAYAAN INTELEKTUAL DAN INVESTASI Kajian HKI,https://images.tokopedia.net/img/cache/200-square/product-1/2019/11/8/2192410/2192410_dc6755f8-9cdd-4a6b-91e4-4da38345cc48_1032_1032.jpg.webp?ect=4g,Buku,Buku Hukum,Buku Kemanusiaan
Buku Pelepasan Hak Pembebasan Hutang dan Merelakan Hak J Satrio,https://images.tokopedia.net/img/cache/200-square/VqbcmM/2022/3/28/eac4a169-9f25-40c6-b31d-b982cdd66b63.jpg.webp?ect=4g,Buku,Buku Hukum,Buku Kemanusiaan
Kitab Fathul Qodir Qadir Tafsir Asy Syaukani Dar Alamiyah فتح القدير,https://images.tokopedia.net/img/cache/200-square/hDjmkQ/2022/7/9/5404f33b-4933-4bc1-ba90-01d86254bfff.jpg.webp?ect=4g,Buku,Buku Hukum,Buku Kemanusiaan
"Samurai Denim 710xx not oldblue, iron heart",https://images.tokopedia.net/img/cache/200-square/VqbcmM/2022/5/29/3f850bcc-7f5a-4de5-878a-fb0e5df75809.jpg.webp?ect=4g,Buku,Buku Hukum,Buku Kemanusiaan
Aspek Hukum Pengadaan Barang Dan Jasa - Purwosusilo,https://images.tokopedia.net/img/cache/200-square/VqbcmM/2021/6/24/c5154bf9-d2f9-481d-9a83-6c936fe2c8c3.jpg.webp?ect=4g,Buku,Buku Hukum,Buku Kemanusiaan
Aksesibilitas Penyandang Disabilitas - Akhmad Soleh,https://images.tokopedia.net/img/cache/200-square/product-1/2019/11/29/2988281/2988281_0b5f47a2-796f-403d-9ff3-c11518dd0e28_700_700.webp?ect=4g,Buku,Buku Hukum,Buku Kemanusiaan
Buku HUKUM ACARA PERADILAN PAJAK Prof. Dr. Muhammad Djafar Saidi,https://images.tokopedia.net/img/cache/200-square/VqbcmM/2022/2/19/03d62e59-28fe-44e4-8744-56e48200244d.jpg.webp?ect=4g,Buku,Buku Hukum,Buku Kemanusiaan
ORI BELAJAR JURNALISTIK DARI HUMANISME HARIAN KOMPAS SINDHUNATA,https://images.tokopedia.net/img/cache/200-square/VqbcmM/2022/12/18/7e63d79f-3d10-427a-be49-2bb2e56f103b.jpg.webp?ect=4g,Buku,Buku Hukum,Buku Kemanusiaan
buku Original - diskursus kemasyarakatan dan kemanusiaan,https://images.tokopedia.net/img/cache/200-square/VqbcmM/2023/1/22/5e248631-634f-4d2c-97d3-a69e217c3350.jpg.webp?ect=4g,Buku,Buku Hukum,Buku Kemanusiaan
Rajah dewa 7 bidadari amang iwan Murah,https://images.tokopedia.net/img/cache/200-square/hDjmkQ/2022/8/22/ca800d47-ab73-4bcb-b0b1-48476874a190.jpg.webp?ect=4g,Buku,Buku Hukum,Buku Kemanusiaan
Buku agama nasrani benih yang tumbuh,https://images.tokopedia.net/img/cache/200-square/hDjmkQ/2023/8/1/50fa153e-8848-44b8-b606-e6c399e68128.jpg.webp?ect=4g,Buku,Buku Hukum,Buku Kemanusiaan
READY Medal Jco Run 2019 TERBATAS,https://images.tokopedia.net/img/cache/200-square/hDjmkQ/2022/3/18/680d6028-eb29-4144-978b-7198b5257316.jpg.webp?ect=4g,Buku,Buku Hukum,Buku Kemanusiaan
Buku Peranan Informed Consent Dalam Transaksi Terapeutik Suatu Tinjaua,https://images.tokopedia.net/img/cache/200-square/VqbcmM/2023/9/3/977bbeee-8056-4e4d-9827-157133f1b174.jpg.webp?ect=4g,Buku,Buku Hukum,Buku Kemanusiaan
T20 Topi Simple Caps Jean Michel Basquiat Chunglim Topi Vintage Casual,https://images.tokopedia.net/img/cache/200-square/VqbcmM/2022/6/27/b7e5f4ea-a25c-48d0-b715-55781f6fd66f.jpg.webp?ect=4g,Buku,Buku Hukum,Buku Kemanusiaan
Perkembangan Hukum Ketenagakerjaan - Manahan M.P. Sitompul,https://images.tokopedia.net/img/cache/200-square/VqbcmM/2021/12/29/23f86edd-5780-4c04-b2cb-a3231d8911c6.jpg.webp?ect=4g,Buku,Buku Hukum,Buku Kemanusiaan
penghancuran hak masyarakat adat atas tanah,https://images.tokopedia.net/img/cache/200-square/VqbcmM/2023/1/28/9f56f8de-9118-443e-81a1-2e57ff715beb.jpg.webp?ect=4g,Buku,Buku Hukum,Buku Kemanusiaan
"Buku HAK ATAS KEKAYAAN INTELEKTUAL ( HAKI) by. Dr. Bambang Kesowo, SH,",https://images.tokopedia.net/img/cache/200-square/VqbcmM/2021/11/2/bb2965c9-2729-4a96-a240-20223c9bf1f0.jpg.webp?ect=4g,Buku,Buku Hukum,Buku Kemanusiaan
Dijual NewEnglishOriginal Just Kids by Patti Smith Berkualitas,https://images.tokopedia.net/img/cache/200-square/hDjmkQ/2022/7/4/e88f8076-d083-4951-b4c7-1b81ed3025a5.jpg.webp?ect=4g,Buku,Buku Hukum,Buku Kemanusiaan
Mencari Hak Asasi Manusia - Todung Mulya Lubis,https://images.tokopedia.net/img/cache/200-square/VqbcmM/2021/8/4/ef05510f-335f-4361-9ffe-7e9c9aca8772.jpg.webp?ect=4g,Buku,Buku Hukum,Buku Kemanusiaan
BUKU ASAS ASAS HUKUM PERBURUAN,https://images.tokopedia.net/img/cache/200-square/VqbcmM/2022/8/16/ca362295-1017-415e-ab04-343f5a269fbf.jpg.webp?ect=4g,Buku,Buku Hukum,Buku Kemanusiaan
aspek perlindungan anak indonesia,https://images.tokopedia.net/img/cache/200-square/VqbcmM/2023/6/21/d3ab0d64-0993-41cf-b433-4be926040bd1.jpg.webp?ect=4g,Buku,Buku Hukum,Buku Kemanusiaan
BUKU JALAN PANJANG HAK ASASI MANUSIA BY TODUNG MILYA LUBIS,https://images.tokopedia.net/img/cache/200-square/VqbcmM/2023/8/18/2273956b-b320-4706-b89f-88861db58068.jpg.webp?ect=4g,Buku,Buku Hukum,Buku Kemanusiaan
BUKU ORIGINAL - HUKUM WARIS,https://images.tokopedia.net/img/cache/200-square/VqbcmM/2020/11/5/14aa99a2-26ff-4928-8685-460816941d5e.jpg.webp?ect=4g,Buku,Buku Hukum,Buku Kemanusiaan
Metodologi Riset dan Studi Hukum Islam di Indonesia - M. Ishom El-Saha,https://images.tokopedia.net/img/cache/200-square/VqbcmM/2021/1/12/3efa833b-56f2-4d1a-a1f3-ad713fbf0cb0.jpg.webp?ect=4g,Buku,Buku Hukum,Buku Kemanusiaan
PERKEMBANGAN DIMENSI HAK ASASI MANUSIA (HAM),https://images.tokopedia.net/img/cache/200-square/VqbcmM/2022/6/2/75580ce8-144d-4601-b9f4-637c514a6ab6.jpg.webp?ect=4g,Buku,Buku Hukum,Buku Kemanusiaan
Reng foklem cover foglamp TOYOTA FORTUNER,https://images.tokopedia.net/img/cache/200-square/VqbcmM/2021/7/24/8deb7913-8018-4c88-9af5-ecbfd35a40a2.jpg.webp?ect=4g,Buku,Buku Hukum,Buku Kemanusiaan
majalah thrasher,https://images.tokopedia.net/img/cache/200-square/hDjmkQ/2022/3/18/ed73501c-f7ec-4763-98eb-8d57e42205bb.jpg.webp?ect=4g,Buku,Buku Hukum,Buku Kemanusiaan
original Buku LULUS CPNS-PPPK KEMENTERIAN DINAS PUPR 2023 Murah,https://images.tokopedia.net/img/cache/200-square/hDjmkQ/2023/3/14/09c34e72-5a65-460b-9817-17f90e62688b.jpg.webp?ect=4g,Buku,Buku Hukum,Buku Kemanusiaan
KITAB ARAI MANUAL BOOK,https://images.tokopedia.net/img/cache/200-square/hDjmkQ/2023/7/24/ea056f35-9409-4bea-b8e9-7408f89d6674.jpg.webp?ect=4g,Buku,Buku Hukum,Buku Kemanusiaan
Riyadhatul Lisan 'alan Nuthqi biahrufil Qur'an - رياضة اللسان على,https://images.tokopedia.net/img/cache/200-square/hDjmkQ/2023/6/15/20d6f554-af40-4784-945b-294ad47a55d0.jpg.webp?ect=4g,Buku,Buku Hukum,Buku Kemanusiaan
Kuy ice tea jasmine botol liquid foom 30ml saltnic podfriendly es teh,https://images.tokopedia.net/img/cache/200-square/VqbcmM/2023/8/13/0d2ad5fe-003f-434c-a309-acf1aa412730.jpg.webp?ect=4g,Buku,Buku Hukum,Buku Kemanusiaan
BUKU PANDUAN MEMAHAMI MASALAH HUKUM DI MASYARAKAT - BORIS TAMPUBOLON,https://images.tokopedia.net/img/cache/200-square/VqbcmM/2021/11/13/975c3f4d-78ac-4e95-b5d1-915c675fc060.jpg.webp?ect=4g,Buku,Buku Hukum,Buku Kemanusiaan
Pin Pelayanan Integritas Keselamatan KPLP,https://images.tokopedia.net/img/cache/200-square/VqbcmM/2022/11/6/12431fa1-0118-4485-a078-0fa34f0c6c64.jpg.webp?ect=4g,Buku,Buku Hukum,Buku Kemanusiaan
pendidikan kewarganegaraan diperguruan tinggi,https://images.tokopedia.net/img/cache/200-square/VqbcmM/2021/3/10/a1a47d49-36b8-47b6-9b38-535b3153eee4.jpg.webp?ect=4g,Buku,Buku Hukum,Buku Kemanusiaan
"buku KEKUASAAN DAN PERILAKU KORUPSI
catatan bukum by saldi isra. 
Komp",https://images.tokopedia.net/img/cache/200-square/VqbcmM/2023/4/11/0b8e7ce5-6917-4d12-9f1c-fe4b951eace4.jpg.webp?ect=4g,Buku,Buku Hukum,Buku Kemanusiaan
bundel majalah Panji masyarakat tahun 1977,https://images.tokopedia.net/img/cache/200-square/hDjmkQ/2022/3/18/4c3dcb42-c6a1-485c-94f4-0a1439dd16d7.jpg.webp?ect=4g,Buku,Buku Hukum,Buku Kemanusiaan
pemuas nikmat nafsu tante,https://images.tokopedia.net/img/cache/200-square/VqbcmM/2023/8/5/4e8de62f-68d7-47c1-ad87-7211e292a965.jpg.webp?ect=4g,Buku,Buku Hukum,Buku Kemanusiaan
"hukum keluarga hak dan kedudukan anak luar kawin d.y. witanto,sh",https://images.tokopedia.net/img/cache/200-square/product-1/2020/4/27/3542281/3542281_7fc0cec4-7e34-446e-9eb0-a15a350bcb96_1548_1548.jpg.webp?ect=4g,Buku,Buku Hukum,Buku Kemanusiaan
Buku Pintar HAKI - Tanya Jawab Seputar Hak Kekayaan Intelektual,https://images.tokopedia.net/img/cache/200-square/product-1/2020/7/28/batch-upload/batch-upload_8043563b-1acf-4f0d-8370-0dd50f573380.jpg.webp?ect=4g,Buku,Buku Hukum,Buku Kemanusiaan
Buku Original - Alam Pun Butuh Hukum & Keadilan by Mas Achmad Santoso,https://images.tokopedia.net/img/cache/200-square/VqbcmM/2022/1/30/f06f3238-1940-4d80-a3e2-3cd8a6a369d0.jpg.webp?ect=4g,Buku,Buku Hukum,Buku Kemanusiaan
Stiker Dont Touch The Visor,https://images.tokopedia.net/img/cache/200-square/product-1/2019/11/18/22008866/22008866_525541e4-91af-46a9-8d6f-ec8bc862750c_2048_2048.webp?ect=4g,Buku,Buku Hukum,Buku Kemanusiaan
Agenda Harian Tilawah Tahfiz dan Murojaah,https://images.tokopedia.net/img/cache/200-square/VqbcmM/2023/6/9/ecaaee12-157e-4534-84bd-14775f5ddd2f.jpg.webp?ect=4g,Buku,Buku Hukum,Buku Kemanusiaan
buku reka ulang kerusuhan mei 1998,https://images.tokopedia.net/img/cache/200-square/VqbcmM/2023/7/2/e6449fc0-6855-4729-a72f-90fe86b40d19.jpg.webp?ect=4g,Buku,Buku Hukum,Buku Kemanusiaan
Buku Menjadi Remaja Hebat Kuat Karakter Dahsyat Prestasiku Dwiyono I,https://images.tokopedia.net/img/cache/200-square/VqbcmM/2022/10/24/f15acb8a-18e4-47fe-b1ab-2c367d5802d7.jpg.webp?ect=4g,Buku,Buku Hukum,Buku Kemanusiaan
BEGARANSI NAVIONICS PREMIUM,https://images.tokopedia.net/img/cache/200-square/hDjmkQ/2023/9/28/f62416d4-881e-41c2-a175-218d8a513b94.jpg.webp?ect=4g,Buku,Buku Hukum,Buku Kemanusiaan
Menjaga dan Melindungi Hak Anak Sepenuh Hati - Arist Merdeka Sirait,https://images.tokopedia.net/img/cache/200-square/VqbcmM/2022/1/5/fd1ab922-a235-490b-b6f2-84e837dcedbe.jpg.webp?ect=4g,Buku,Buku Hukum,Buku Kemanusiaan
buku putih: pelanggaran ham berat,https://images.tokopedia.net/img/cache/200-square/VqbcmM/2023/8/14/64cc90a2-aaf9-4106-aad7-9d067b3db6b7.jpg.webp?ect=4g,Buku,Buku Hukum,Buku Kemanusiaan
original buku pengantar sistem logistik dan Rantai Pasok Limited,https://images.tokopedia.net/img/cache/200-square/hDjmkQ/2022/7/4/99212d5b-fa09-43d0-bd15-d69637aba581.jpg.webp?ect=4g,Buku,Buku Hukum,Buku Kemanusiaan
BUKU SAKU GRATIS,https://images.tokopedia.net/img/cache/200-square/VqbcmM/2022/4/21/9db74a2f-f8ad-42a3-b4a3-dcf2ab6d8134.jpg.webp?ect=4g,Buku,Buku Hukum,Buku Kemanusiaan
Pendidikan Agama Islam Bagi Anak Penyandang Disabilitas Pada Masa Covi,https://images.tokopedia.net/img/cache/200-square/product-1/2020/8/19/4465949/4465949_a3076e15-3437-4569-b921-ae245473fc7a_1500_1500.webp?ect=4g,Buku,Buku Hukum,Buku Kemanusiaan
buku rqhasia Muammar al Qaddafi oleh Faisal Assegaf,https://images.tokopedia.net/img/cache/200-square/VqbcmM/2022/9/17/63f2a66b-8bcc-4600-a0c5-caee7708a1d9.jpg.webp?ect=4g,Buku,Buku Hukum,Buku Kemanusiaan
Hukum Adat di Indonesia - Nunuk Sulisrudatin - LN,https://images.tokopedia.net/img/cache/200-square/VqbcmM/2023/7/29/b9438fd8-d13f-411e-8f41-f6c2a373e36f.jpg.webp?ect=4g,Buku,Buku Hukum,Buku Kemanusiaan
Buku Selulit Sang Nabi Eddy Kristiyanto OFM,https://images.tokopedia.net/img/cache/200-square/VqbcmM/2022/6/20/4741af7f-7f78-48c4-992c-0412768e1ac4.jpg.webp?ect=4g,Buku,Buku Hukum,Buku Kemanusiaan
Tauhid Kemanusiaan - Masrur Ahmad,https://images.tokopedia.net/img/cache/200-square/VqbcmM/2021/3/25/e9bdf481-44dd-4d9c-98d7-52dc8eed9dc0.jpg.webp?ect=4g,Buku,Buku Hukum,Buku Kemanusiaan
Effective Strategy Execution - Bernd Heesen,https://images.tokopedia.net/img/cache/200-square/hDjmkQ/2023/8/16/b676eb82-e9a7-4e5a-80b0-53069b58d602.jpg.webp?ect=4g,Buku,Buku Hukum,Buku Kemanusiaan
Implementasi Konsep Hukuman Qishash di Indonesia - Paisol Burlian,https://images.tokopedia.net/img/cache/200-square/VqbcmM/2021/1/18/750bcc84-e72e-4e58-a93b-5d8c410d2a63.jpg.webp?ect=4g,Buku,Buku Hukum,Buku Kemanusiaan
Perlindungan Privacy - Endah Dewi Nawangsasi Sukarton - RF,https://images.tokopedia.net/img/cache/200-square/VqbcmM/2022/7/1/c279a974-9aa5-4ed1-9ca8-dee2e2d5f6cd.jpg.webp?ect=4g,Buku,Buku Hukum,Buku Kemanusiaan
Buku Original: Maqasid Hukum Perkawinan Islam ( MAQASID HUKUM PERKAWIN,https://images.tokopedia.net/img/cache/200-square/VqbcmM/2023/8/27/37a46465-94a8-49e4-ad4c-163343a15bd6.jpg.webp?ect=4g,Buku,Buku Hukum,Buku Kemanusiaan
Hak-Hak Asasi Manusia - F. Budi Hardiman,https://images.tokopedia.net/img/cache/250-square/VqbcmM/2020/10/30/e870834f-a968-4b6c-aa8b-592d8091e8b9.jpg.webp?ect=4g,Buku,Buku Hukum,Buku Kemanusiaan
Hukum Antara Sollen dan Sein,https://images.tokopedia.net/img/cache/250-square/VqbcmM/2023/8/28/3b539e79-4820-4ca1-ad3b-8fdafc86ce93.jpg.webp?ect=4g,Buku,Buku Hukum,Buku Kemanusiaan
Arabica Kerinci Abdul Aziz Thohari Winner WE Kopi Kolaborasi,https://images.tokopedia.net/img/cache/250-square/VqbcmM/2023/3/26/fa505128-65b9-4c60-bbc5-7b2d8c9415fa.jpg.webp?ect=4g,Buku,Buku Hukum,Buku Kemanusiaan
"Islam dan Humanisme - Hasan Hanafi, Nurcholish Madjid",https://images.tokopedia.net/img/cache/250-square/product-1/2020/4/20/19100745/19100745_37ac9646-1e67-419b-827d-e2f12e9f1746_2048_2048.webp?ect=4g,Buku,Buku Hukum,Buku Kemanusiaan
Pendidikan Kadeham Kebangsaan Demokrasi dan HAM Revisi - Prayitno ori,https://images.tokopedia.net/img/cache/250-square/VqbcmM/2021/9/30/2e041e8b-e5a4-4b2e-945a-a5448ffb85be.jpg.webp?ect=4g,Buku,Buku Hukum,Buku Kemanusiaan
Buku The 48 Law Of Power - 48 Hukum Kekuasaan - Robert Greene,https://images.tokopedia.net/img/cache/200-square/VqbcmM/2023/10/13/c141deff-2daf-4c31-b2ef-d2b5c5d79cbf.png.webp?ect=4g,Buku,Buku Hukum,Buku Politik & Hukum
BUKU HUKUM BISNIS,https://images.tokopedia.net/img/cache/200-square/VqbcmM/2021/3/16/c44f533f-d453-4919-b49f-0e4e87b725b1.jpg.webp?ect=4g,Buku,Buku Hukum,Buku Politik & Hukum
"Buku Teori Perundang-Undangan, Prinsip-Prinsip Legislasi, Hukum Perdat",https://images.tokopedia.net/img/cache/200-square/product-1/2018/1/19/27078387/27078387_422eb019-0f50-4971-b58e-d3d68090770a_300_439.jpg.webp?ect=4g,Buku,Buku Hukum,Buku Politik & Hukum
Handbook Hukum dan Politik - Keith E. Whittington,https://images.tokopedia.net/img/cache/200-square/VqbcmM/2022/6/23/f31942ef-dd33-4121-88b0-50d0dd2cff8a.jpg.webp?ect=4g,Buku,Buku Hukum,Buku Politik & Hukum
Buku Aspek Hukum Penyelesaian Perselisihan Hubungan Indsutrial,https://images.tokopedia.net/img/cache/200-square/VqbcmM/2023/7/17/06aaa085-1af5-46ab-a349-f35fad7a2b9c.png.webp?ect=4g,Buku,Buku Hukum,Buku Politik & Hukum
Buku The 48 Law Of Power - 48 Hukum Kekuasaan - Robert Greene,https://images.tokopedia.net/img/cache/200-square/VqbcmM/2023/10/13/c141deff-2daf-4c31-b2ef-d2b5c5d79cbf.png.webp?ect=4g,Buku,Buku Hukum,Buku Politik & Hukum
Teori Hukum - Sudikno Mertokusumo,https://images.tokopedia.net/img/cache/200-square/product-1/2020/7/18/19100745/19100745_267594ff-e926-4fea-b366-b192b4630f45_2048_2048.webp?ect=4g,Buku,Buku Hukum,Buku Politik & Hukum
The 48 Laws of Power 48 Hukum Kekuasaan - Robert Greene,https://images.tokopedia.net/img/cache/200-square/VqbcmM/2023/10/16/fc8f8b33-21b4-4aa2-bc92-a1a37deaff92.jpg.webp?ect=4g,Buku,Buku Hukum,Buku Politik & Hukum
Buku BANK SOAL LATIHAN & STRATEGI UJIAN PROFESI ADVOKAT (UPA) TERLENGK,https://images.tokopedia.net/img/cache/200-square/VqbcmM/2021/4/18/28ac0f6a-faba-4535-932e-0b0f6804b2cf.jpg.webp?ect=4g,Buku,Buku Hukum,Buku Politik & Hukum
Penemuan Hukum Sebuah Pengantar - Sudikno Mertokusumo,https://images.tokopedia.net/img/cache/200-square/VqbcmM/2023/10/17/c6c85cdc-0a6a-4e6d-b135-f238808190e4.png.webp?ect=4g,Buku,Buku Hukum,Buku Politik & Hukum
Mengenal Hukum Suatu Pengantar - Sudikno Mertokusumo,https://images.tokopedia.net/img/cache/200-square/VqbcmM/2023/10/17/03ded825-f56c-4efc-bd0f-5bf81d50aca1.png.webp?ect=4g,Buku,Buku Hukum,Buku Politik & Hukum
Penerapan Teori Hukum pada Penelitian Disertasi dan Tesis - Salim HS,https://images.tokopedia.net/img/cache/200-square/VqbcmM/2022/9/6/3231292f-d1e2-4013-9da4-5ce791ee6123.jpg.webp?ect=4g,Buku,Buku Hukum,Buku Politik & Hukum
48 Hukum Kekuasan The 48 Law Of Power Robert Greene Versi Indonesia,https://images.tokopedia.net/img/cache/200-square/VqbcmM/2023/11/3/41dc2210-6dac-46a4-83c8-a25afb1ce80c.jpg.webp?ect=4g,Buku,Buku Hukum,Buku Politik & Hukum
Hukum Perjanjian By Subekti,https://images.tokopedia.net/img/cache/200-square/product-1/2019/5/13/2393304/2393304_71c5a0f9-234f-4048-885f-fdb061bf4265_1500_1500.jpg.webp?ect=4g,Buku,Buku Hukum,Buku Politik & Hukum
Penelitian Hukum - Peter Mahmud Marzuki,https://images.tokopedia.net/img/cache/200-square/VqbcmM/2021/4/29/367b2e3c-caf7-48d1-bb08-17d4ae11b087.jpg.webp?ect=4g,Buku,Buku Hukum,Buku Politik & Hukum
"ILMU HUKUM ( PROF. DR. SATJIPTO RAHARDJO, S.H )",https://images.tokopedia.net/img/cache/200-square/VqbcmM/2022/8/26/53e917b5-52e3-4aa9-96e6-3be934b36995.jpg.webp?ect=4g,Buku,Buku Hukum,Buku Politik & Hukum
Penelitian Hukum Normatif - Soerjono Soekanto,https://images.tokopedia.net/img/cache/200-square/VqbcmM/2020/11/14/f28f07df-217f-440b-bb31-8fbb478eab9b.jpg.webp?ect=4g,Buku,Buku Hukum,Buku Politik & Hukum
BUKU TEORI HUKUM Satjipto Rahardjo,https://images.tokopedia.net/img/cache/200-square/VqbcmM/2022/12/28/c39bacd8-2dda-4767-9bfa-3d468a2f8921.jpg.webp?ect=4g,Buku,Buku Hukum,Buku Politik & Hukum
Hukum Investasi Dan Pasar Modal - Ok. Saidin,https://images.tokopedia.net/img/cache/200-square/VqbcmM/2023/2/23/95d2b406-2654-49a4-809c-60da96303a3d.jpg.webp?ect=4g,Buku,Buku Hukum,Buku Politik & Hukum
"buku pengantar ilmu hukum by J.B. Daliyo, S.H.",https://images.tokopedia.net/img/cache/200-square/product-1/2019/9/1/6590849/6590849_f87647ec-bce7-4730-8606-b6e8d0747d4d_1161_1161.jpg.webp?ect=4g,Buku,Buku Hukum,Buku Politik & Hukum
Sosiologi Hukum - Satjipto Rahardjo,https://images.tokopedia.net/img/cache/200-square/VqbcmM/2021/5/20/d04e6f21-9499-4519-9531-87c39763e702.jpg.webp?ect=4g,Buku,Buku Hukum,Buku Politik & Hukum
"KUHD ( PROF. R SUBEKTI, S.H )",https://images.tokopedia.net/img/cache/200-square/product-1/2019/9/18/83960382/83960382_531ee000-a1f7-4139-b6ca-df1babe5e055_688_688.jpg.webp?ect=4g,Buku,Buku Hukum,Buku Politik & Hukum
Buku KOMENTAR HIR. by. Mr. R. Tresna,https://images.tokopedia.net/img/cache/200-square/VqbcmM/2021/5/3/8195e92f-d77a-444e-aa03-f5bf42501d3a.jpg.webp?ect=4g,Buku,Buku Hukum,Buku Politik & Hukum
Faktor Faktor yang Mempengaruhi Penegakan Hukum - Soerjono Soekanto,https://images.tokopedia.net/img/cache/200-square/VqbcmM/2022/3/2/76b97717-02e7-4921-bc57-83d7d7bb0840.jpg.webp?ect=4g,Buku,Buku Hukum,Buku Politik & Hukum
Dasar Dasar Ilmu Hukum Zainal Arifin Mochtar Eddy OS Hiariej,https://images.tokopedia.net/img/cache/200-square/VqbcmM/2023/9/19/2fbb58cd-1814-4f4b-b2f7-5a7ef729960b.jpg.webp?ect=4g,Buku,Buku Hukum,Buku Politik & Hukum
Pengantar Teori Hukum - Hans Kelsen,https://images.tokopedia.net/img/cache/200-square/VqbcmM/2022/1/24/55595b4d-61a7-4598-a928-a74c2376940c.jpg.webp?ect=4g,Buku,Buku Hukum,Buku Politik & Hukum
Argumentasi Hukum,https://images.tokopedia.net/img/cache/200-square/VqbcmM/2022/9/17/4808090f-1069-4e36-9baa-71a86e9b66d8.png.webp?ect=4g,Buku,Buku Hukum,Buku Politik & Hukum
Pembahasan Permasalahan dan Penerapan KUHAP Penyidikan - Yahya Harahap,https://images.tokopedia.net/img/cache/200-square/VqbcmM/2021/8/6/84ac4608-d1cc-4279-9aa8-10d073f9309b.jpg.webp?ect=4g,Buku,Buku Hukum,Buku Politik & Hukum
Logika Hukum - Fajlurrahman Jurdi,https://images.tokopedia.net/img/cache/200-square/VqbcmM/2020/11/25/bcfa48ef-088f-49a6-bc07-94aab572a9a3.jpg.webp?ect=4g,Buku,Buku Hukum,Buku Politik & Hukum
Buku Argumentasi Hukum Philipus M.Hadjon,https://images.tokopedia.net/img/cache/200-square/VqbcmM/2021/1/17/8351e8dd-0482-414d-9d74-631f3bf81231.jpg.webp?ect=4g,Buku,Buku Hukum,Buku Politik & Hukum
Bab Bab Tentang Penemuan Hukum - Sudikno Mertokusumo,https://images.tokopedia.net/img/cache/200-square/product-1/2021/1/5/237886/237886_bf5ad702-4953-4722-8ab7-7daf73f92eef.jpg.webp?ect=4g,Buku,Buku Hukum,Buku Politik & Hukum
Hukum Pembuktian - R Subekti,https://images.tokopedia.net/img/cache/200-square/product-1/2020/12/31/237886/237886_ee5a1f96-dd4f-42a0-b595-6d783f473b47.jpeg.webp?ect=4g,Buku,Buku Hukum,Buku Politik & Hukum
Hukum Kesehatan - Sutarno,https://images.tokopedia.net/img/cache/200-square/product-1/2019/1/9/2988281/2988281_0793b2fc-70fb-4349-99e6-55e0111a543b_700_700.jpg.webp?ect=4g,Buku,Buku Hukum,Buku Politik & Hukum
buku pengantar ilmu hukum dan tata hukum indonesia by C.S.T. Kansil,https://images.tokopedia.net/img/cache/200-square/product-1/2019/8/27/6590849/6590849_c161d690-99a4-4d5e-9c86-2cdf0c7cbf9c_1161_1161.jpg.webp?ect=4g,Buku,Buku Hukum,Buku Politik & Hukum
teori hukum dan pembuktian eddy o s hiariej,https://images.tokopedia.net/img/cache/200-square/product-1/2020/7/28/5020701/5020701_fc80945a-fa00-418c-845f-c8e1548ed40c_1504_1504.jpg.webp?ect=4g,Buku,Buku Hukum,Buku Politik & Hukum
Pengantar Ilmu Hukum Ed Revisi ( PENGANTAR ILMU HUKUM ED REV ),https://images.tokopedia.net/img/cache/200-square/VqbcmM/2021/11/27/48a615d1-d60b-4e40-ae94-57a918815142.jpg.webp?ect=4g,Buku,Buku Hukum,Buku Politik & Hukum
Toga hakim pengadilan negeri bahan twist,https://images.tokopedia.net/img/cache/200-square/VqbcmM/2023/7/15/1d91ebcb-e20e-4255-865f-84bbd11b5bc8.jpg.webp?ect=4g,Buku,Buku Hukum,Buku Politik & Hukum
Hukum Pemerintahan Daerah Investasi - Rondonuwu,https://images.tokopedia.net/img/cache/200-square/VqbcmM/2021/10/28/f7a7e9ab-353e-4303-9e4a-676dec9d47c1.jpg.webp?ect=4g,Buku,Buku Hukum,Buku Politik & Hukum
Hukum Acara Mahkamah Konstitusi,https://images.tokopedia.net/img/cache/200-square/VqbcmM/2023/4/18/687712b0-e666-4c46-9fa5-6eef66159256.png.webp?ect=4g,Buku,Buku Hukum,Buku Politik & Hukum
Hukum Pemerintahan Daerah - Vieta Imelda Cornelia,https://images.tokopedia.net/img/cache/200-square/VqbcmM/2021/10/9/03549a99-67e6-4a74-8f07-d99904e60ff2.jpg.webp?ect=4g,Buku,Buku Hukum,Buku Politik & Hukum
Buku Daftar Akta PPAT,https://images.tokopedia.net/img/cache/200-square/product-1/2016/7/26/1195023/1195023_4986d12b-9e93-459c-bf02-c4570591b39f.jpg.webp?ect=4g,Buku,Buku Hukum,Buku Politik & Hukum
pengantar ilmu hukum van apeldoorn,https://images.tokopedia.net/img/cache/200-square/VqbcmM/2021/8/18/eb684899-a9e1-43af-891f-5723799b22c2.jpg.webp?ect=4g,Buku,Buku Hukum,Buku Politik & Hukum
Paket Buku Pembahasan Permasalahan dan Penerapan KUHAP - Yahya Harahap,https://images.tokopedia.net/img/cache/200-square/VqbcmM/2022/7/7/0404fb4e-44c1-4453-bc14-76c9244ff424.jpg.webp?ect=4g,Buku,Buku Hukum,Buku Politik & Hukum
Hukum Penalaran dan Penalaran Hukum - Shidarta,https://images.tokopedia.net/img/cache/200-square/product-1/2020/9/12/2988281/2988281_5a9952da-2acd-4144-978d-9c88a6304d35_2048_2048.webp?ect=4g,Buku,Buku Hukum,Buku Politik & Hukum
buku politik hukum di indonesia mahfud md,https://images.tokopedia.net/img/cache/200-square/VqbcmM/2021/2/11/d45b48c0-1008-4f18-b36c-fcf7b8769b39.jpg.webp?ect=4g,Buku,Buku Hukum,Buku Politik & Hukum
KUHP & KUHAP BESERTA PENJELASANNYA TERBARU TAHUN 2023,https://images.tokopedia.net/img/cache/200-square/VqbcmM/2023/10/3/80950b1a-a50d-4e5b-8a33-6cf22c08d075.jpg.webp?ect=4g,Buku,Buku Hukum,Buku Politik & Hukum
Dasar-dasar Ilmu Hukum Zainal Arifin Mochtar Eddy O.S,https://images.tokopedia.net/img/cache/200-square/VqbcmM/2022/9/2/17c50dda-da0b-4edf-82d0-fc15eae5638e.jpg.webp?ect=4g,Buku,Buku Hukum,Buku Politik & Hukum
Buku Dasar dasar Filsafat Hukum dan Teori Hukum Oleh H Lili Rasjidi SH,https://images.tokopedia.net/img/cache/200-square/VqbcmM/2023/11/16/7c025e72-c84d-4077-bb13-c4434f90cae4.jpg.webp?ect=4g,Buku,Buku Hukum,Buku Politik & Hukum
Kamus Istilah Hukum,https://images.tokopedia.net/img/cache/200-square/VqbcmM/2022/3/14/4bc42901-eb2b-4665-b67f-5eeabb124c3d.jpg.webp?ect=4g,Buku,Buku Hukum,Buku Politik & Hukum
Hukum Hak Cipta - Rahmi Jened,https://images.tokopedia.net/img/cache/200-square/VqbcmM/2022/2/28/43c4a315-a3fc-4ac5-a389-aef2ecbb9b23.jpg.webp?ect=4g,Buku,Buku Hukum,Buku Politik & Hukum
TEORI HUKUM MURNI By Hans Kelsen,https://images.tokopedia.net/img/cache/200-square/product-1/2019/4/22/2393304/2393304_5c026d1e-369e-4b32-a202-49bb359acbfb_1500_1500.jpg.webp?ect=4g,Buku,Buku Hukum,Buku Politik & Hukum
PENGANTAR ILMU HUKUM ( PROF. DR.MR.L.J. VAN APELDOORN ),https://images.tokopedia.net/img/cache/200-square/product-1/2019/10/10/45139587/45139587_2f1d70fc-4c61-4778-8c40-08945d99faea_688_688.jpg.webp?ect=4g,Buku,Buku Hukum,Buku Politik & Hukum
"Buku Teori Hierarki Norma Hukum Karya Prof. Dr. Jimly Asshiddiqie, S.H",https://images.tokopedia.net/img/cache/200-square/VqbcmM/2023/11/4/f505a537-888b-49b2-8b66-05855c1a2420.png.webp?ect=4g,Buku,Buku Hukum,Buku Politik & Hukum
"BUKU ORIGINAL - FILSAFAT HUKUM, PERKEMBANGAN dan DINAMIKA MSLH",https://images.tokopedia.net/img/cache/200-square/VqbcmM/2022/10/8/71537abd-6e4c-483b-9cae-53cf01a45092.jpg.webp?ect=4g,Buku,Buku Hukum,Buku Politik & Hukum
Green and Blue Constitution - Jimly Asshiddiqie,https://images.tokopedia.net/img/cache/200-square/VqbcmM/2021/12/29/6943d17a-2a71-428d-8fa3-aa2e9a9ec3e2.jpg.webp?ect=4g,Buku,Buku Hukum,Buku Politik & Hukum
BUKU KOMPILASI HUKUM ISLAM (KHI) ORIGINAL. NUANSA AULIA,https://images.tokopedia.net/img/cache/200-square/VqbcmM/2021/10/20/8e0ebc68-52d3-41f2-a367-be274d01eb61.jpg.webp?ect=4g,Buku,Buku Hukum,Buku Politik & Hukum
"Buku Mengenal Hukum Suatu Pengantar by Prof,Dr,Sudikno Mertokusumo SH",https://images.tokopedia.net/img/cache/200-square/VqbcmM/2021/4/14/a989f6cd-35f6-4ec4-a4bd-4f2b2ce9a657.jpg.webp?ect=4g,Buku,Buku Hukum,Buku Politik & Hukum
BUKU ASPEK HUKUM EKONOMI DAN BISNIS EDISI REVISI ORIGINAL- Shidarta,https://images.tokopedia.net/img/cache/200-square/VqbcmM/2023/9/1/61a200b1-e6a6-4cce-991c-1b22bcfc332d.jpg.webp?ect=4g,Buku,Buku Hukum,Buku Politik & Hukum
HUKUM PENALARAN DAN PENALARAN HUKUM - SHIDARA,https://images.tokopedia.net/img/cache/200-square/hDjmkQ/2022/10/6/81bfd8f0-2cb0-4107-93b3-6093510af3c4.jpg.webp?ect=4g,Buku,Buku Hukum,Buku Politik & Hukum
Peradilan Etik dan Etika Konstitusi - Jimly Asshiddiqie,https://images.tokopedia.net/img/cache/200-square/product-1/2020/8/22/2988281/2988281_435a149c-3e1b-4a50-8585-956e7e8e50ff_2048_2048.webp?ect=4g,Buku,Buku Hukum,Buku Politik & Hukum
Pengantar Ilmu Hukum - R. Soeroso,https://images.tokopedia.net/img/cache/200-square/VqbcmM/2022/8/31/b0d1c1e0-a617-4af0-bc57-4143ebe4e1f9.jpg.webp?ect=4g,Buku,Buku Hukum,Buku Politik & Hukum
Argumentasi Hukum - Philipus M. Hadjon,https://images.tokopedia.net/img/cache/200-square/product-1/2020/12/17/237886/237886_0bf822fb-b3bf-4aa9-9525-46930b2a5082.jpeg.webp?ect=4g,Buku,Buku Hukum,Buku Politik & Hukum
Buku Perbuatan Melawan Hukum - Rosa Agustina - MA Moegni Djojodirdjo,https://images.tokopedia.net/img/cache/200-square/VqbcmM/2022/6/22/84164c06-53c1-4d64-8aea-ae7abafefcd7.jpg.webp?ect=4g,Buku,Buku Hukum,Buku Politik & Hukum
Mengenal Filsafat Hukum,https://images.tokopedia.net/img/cache/200-square/VqbcmM/2022/8/11/469eb597-6a22-4581-a9fd-fe4eaa0be2f0.jpg.webp?ect=4g,Buku,Buku Hukum,Buku Politik & Hukum
Analisis Dan Perancangan Kontrak - Budiono Kusumohamidjojo,https://images.tokopedia.net/img/cache/200-square/VqbcmM/2022/8/4/fd1b1c32-d901-4e1e-9c65-16f37a5f06ad.jpg.webp?ect=4g,Buku,Buku Hukum,Buku Politik & Hukum
"Poster pahlawan bangsa 24,5 * 34.5 cm",https://images.tokopedia.net/img/cache/200-square/product-1/2020/4/16/1541398/1541398_8b2422c8-05ab-4e84-a77a-98d49e7e34d0_720_720.jpg.webp?ect=4g,Buku,Buku Hukum,Buku Politik & Hukum
mengenal hukum suatu pengantar prof sudikno mertokusumo,https://images.tokopedia.net/img/cache/200-square/VqbcmM/2021/4/20/743663d7-bae6-43cb-8a9f-ac7a62220d4d.jpg.webp?ect=4g,Buku,Buku Hukum,Buku Politik & Hukum
Buku The 48 Laws of Power 48 Hukum Kekuasaan,https://images.tokopedia.net/img/cache/200-square/VqbcmM/2023/11/2/814cfd76-7681-44c1-87fd-adcaf1832b82.jpg.webp?ect=4g,Buku,Buku Hukum,Buku Politik & Hukum
BUKU POLITIK HUKUM DI INDONESIA BY PROF. DR. MOH. MAHFUD MD,https://images.tokopedia.net/img/cache/200-square/VqbcmM/2021/1/13/0fc08fe0-b269-4307-9b3c-204146164e72.jpg.webp?ect=4g,Buku,Buku Hukum,Buku Politik & Hukum
"BUKU TEORI HUKUM BY PROF. DR. SUDIKNO MERTOKUSUMO, S.H",https://images.tokopedia.net/img/cache/200-square/VqbcmM/2021/1/14/8f149153-5698-472f-ab20-31e521f3be5a.jpg.webp?ect=4g,Buku,Buku Hukum,Buku Politik & Hukum
