Judul,Image Link
Cover Penutup Lubang Ventilasi/Wall Air Vent Grille/Vent Ducting Cover,https://images.tokopedia.net/img/cache/200-square/VqbcmM/2022/7/27/82f3a494-2f94-44c0-9d67-294720638768.jpg.webp?ect=3g
"Duct Penutup 3 inch Duct Inline Valve 3 inch Damper Inline Penutup 3""",https://images.tokopedia.net/img/cache/200-square/VqbcmM/2022/5/10/c129b4aa-8fda-438f-9b9c-b24439b76421.jpg.webp?ect=3g
Cover Sarung Pelindung Kipas Angin Fan Anti Debu Bahan Jaring,https://images.tokopedia.net/img/cache/200-square/VqbcmM/2022/11/18/dccaf9e9-e027-4efb-addf-7929b6798dd8.jpg.webp?ect=3g
Ram Fan Cover Kawat Metal Grill Besi Jaring Tutup Kipas PC Komputer,https://images.tokopedia.net/img/cache/200-square/hDjmkQ/2023/11/8/793391b9-7169-4eff-8e82-0f331894ce0c.jpg.webp?ect=3g
kipas tangan priwitan kipas hand fan karakter isi 12pcs,https://images.tokopedia.net/img/cache/200-square/VqbcmM/2023/9/14/e8bc29f4-4d3d-4c1d-ab33-0fd76a918c25.jpg.webp?ect=3g
Gagang Kipas Jepit Samping - Gagang Kipas Plastik Lubang 2 - Jepret,https://images.tokopedia.net/img/cache/200-square/VqbcmM/2020/10/4/834c2e63-ee5c-4f71-8bc9-f6087f6df6a5.jpg.webp?ect=3g
"Grill kipas , tutup kipas ,grill fan 6cm 8cm 9cm 12cm",https://images.tokopedia.net/img/cache/200-square/VqbcmM/2022/8/30/0c8af52b-0ad1-4729-9e6c-437e486cea43.jpg.webp?ect=3g
Fan Cover / Sarung Penutup Kipas Angin KarakterFilter Anti Debu Jaring,https://images.tokopedia.net/img/cache/200-square/VqbcmM/2023/11/16/744cfd04-baf1-4681-b4e7-7d00b8869fb3.png.webp?ect=3g
Gagang Kipas Plastik / Tangkai Kipas Model Jepret,https://images.tokopedia.net/img/cache/200-square/VqbcmM/2022/1/9/4f723135-015f-42c2-873a-a3c1efbd2533.jpg.webp?ect=3g
"Sarung Kipas Angin, Fan Cover, Pelindung Kipas Angin Anak",https://images.tokopedia.net/img/cache/200-square/VqbcmM/2020/10/18/64178e24-85fe-4344-9932-6f10b366d12e.jpg.webp?ect=3g
Kipas Tari s Besar Merah Hitam putih Keprek kipas tari s nari,https://images.tokopedia.net/img/cache/200-square/hDjmkQ/2022/4/23/c49f011d-a897-4a05-960f-9c5a396ae682.jpg.webp?ect=4g
KONDE +COVER SETT KIPAS ANGIN CINA 16IN UMUM,https://images.tokopedia.net/img/cache/200-square/VqbcmM/2022/7/4/ab0492f5-9d93-4f12-9a64-b8bafc60062a.jpg.webp?ect=4g
Gagang Kipas Plastik / Tangkai Kipas Model Jepret,https://images.tokopedia.net/img/cache/200-square/VqbcmM/2020/11/26/41c69af6-e4bc-4db5-9558-ab28eb720e3c.jpg.webp?ect=4g
Pelindung Debu Kipas Sarung Kipas Angin Fan Cover Pelindung Kipas Anak,https://images.tokopedia.net/img/cache/200-square/hDjmkQ/2021/9/6/fcb6bcd5-b4a0-4786-9ed7-43dfbe1eebf0.jpg.webp?ect=4g
Kipas Angin Genggam Mini Lucu Portable Silikon Warna Permen Mini Fan,https://images.tokopedia.net/img/cache/200-square/hDjmkQ/2022/9/6/0991276e-ced2-4784-9332-ca2926641662.jpg.webp?ect=4g
